{"cameraMode":{"drawMode":0,"name":"Shaded","section":"Shading Mode"},"sceneLighting":false,"audioPlay":false,"sceneViewState":{"showFog":true,"showMaterialUpdate":false,"showSkybox":false,"showFlares":true,"showImageEffects":true,"showParticleSystems":true},"in2DMode":false,"pivot":{"x":757.1326904296875,"y":778.4660034179688,"z":-48.27471923828125},"rotation":{"x":-0.04820585995912552,"y":-0.059298787266016009,"z":0.0028671654872596266,"w":-0.997073769569397},"size":646.6828002929688,"orthographic":false}