{"cameraMode":{"drawMode":0,"name":"Shaded","section":"Shading Mode"},"sceneLighting":true,"audioPlay":false,"sceneViewState":{"showFog":true,"showMaterialUpdate":false,"showSkybox":true,"showFlares":true,"showImageEffects":true,"showParticleSystems":true},"in2DMode":false,"pivot":{"x":9.308263778686524,"y":-2.603700876235962,"z":90.88706970214844},"rotation":{"x":-0.022806286811828615,"y":-0.011399439536035061,"z":0.0002606534108053893,"w":-0.9996787905693054},"size":3.957303762435913,"orthographic":false}